Age Range,Average Income in this Age Range
10 - 19,2190.0
20 - 29,3856.470588235294
30 - 39,2895.525
40 - 49,2645.3333333333335
50 - 59,2416.0
60 - 69,3237.5
70 - 79,2986.6666666666665
80 - 89,2220.0
